pid,name,usage_count,inactive_seconds,cpu_percent,memory_mb,battery,probability,decision
0,[System Process],0,2,0.00,0,0,0.000,SUSPEND
4,System,0,2,0.00,0,0,0.000,SUSPEND
236,Secure System,0,2,0.00,0,0,0.000,SUSPEND
280,Registry,0,2,0.00,0,0,0.000,SUSPEND
908,smss.exe,0,2,0.00,0,0,0.000,SUSPEND
1496,csrss.exe,0,2,0.00,0,0,0.000,SUSPEND
1600,wininit.exe,0,2,0.00,0,0,0.000,SUSPEND
1676,services.exe,0,2,0.00,0,0,0.000,SUSPEND
1696,LsaIso.exe,0,2,0.00,0,0,0.000,SUSPEND
1708,lsass.exe,0,2,0.00,0,0,0.000,SUSPEND
1916,svchost.exe,0,2,0.00,0,0,0.000,SUSPEND
1932,fontdrvhost.exe,0,2,0.00,0,0,0.000,SUSPEND
2036,WUDFHost.exe,0,2,0.00,0,0,0.000,SUSPEND
1020,svchost.exe,0,2,0.00,0,0,0.000,SUSPEND
1480,svchost.exe,0,2,0.00,0,0,0.000,SUSPEND
1592,WUDFHost.exe,0,2,0.00,0,0,0.000,SUSPEND
2168,svchost.exe,0,2,0.00,0,0,0.000,SUSPEND
2192,svchost.exe,0,2,0.00,0,0,0.000,SUSPEND
2200,svchost.exe,0,2,0.00,0,0,0.000,SUSPEND
2208,svchost.exe,0,2,0.00,0,0,0.000,SUSPEND
2368,svchost.exe,0,2,0.00,0,0,0.000,SUSPEND
2428,svchost.exe,0,2,0.00,0,0,0.000,SUSPEND
2436,svchost.exe,0,2,0.00,0,0,0.000,SUSPEND
2500,svchost.exe,0,2,0.00,0,0,0.000,SUSPEND
2528,svchost.exe,0,2,0.00,0,0,0.000,SUSPEND
2624,svchost.exe,0,2,0.00,0,0,0.000,SUSPEND
2672,svchost.exe,0,2,0.00,0,0,0.000,SUSPEND
2788,svchost.exe,0,2,0.00,0,0,0.000,SUSPEND
2800,svchost.exe,0,2,0.00,0,0,0.000,SUSPEND
2836,svchost.exe,0,2,0.00,0,0,0.000,SUSPEND
2856,svchost.exe,0,2,0.00,0,0,0.000,SUSPEND
2064,svchost.exe,0,2,0.00,0,0,0.000,SUSPEND
2340,svchost.exe,0,2,0.00,0,0,0.000,SUSPEND
2348,svchost.exe,0,2,0.00,0,0,0.000,SUSPEND
3180,IntelCpHDCPSvc.exe,0,2,0.00,0,0,0.000,SUSPEND
3396,svchost.exe,0,2,0.00,0,0,0.000,SUSPEND
3568,svchost.exe,0,2,0.00,0,0,0.000,SUSPEND
3620,scsecsvc.exe,0,2,0.00,0,0,0.000,SUSPEND
3628,OmenCap.exe,0,2,0.00,0,0,0.000,SUSPEND
3772,NVDisplay.Container.exe,0,2,0.00,0,0,0.000,SUSPEND
3804,bssiss.exe,0,2,0.00,0,0,0.000,SUSPEND
3812,svchost.exe,0,2,0.00,0,0,0.000,SUSPEND
3856,svchost.exe,0,2,0.00,0,0,0.000,SUSPEND
3864,svchost.exe,0,2,0.00,0,0,0.000,SUSPEND
3872,svchost.exe,0,2,0.00,0,0,0.000,SUSPEND
3960,Memory Compression,0,2,0.00,0,0,0.000,SUSPEND
4000,svchost.exe,0,2,0.00,0,0,0.000,SUSPEND
4072,svchost.exe,0,2,0.00,0,0,0.000,SUSPEND
4084,svchost.exe,0,2,0.00,0,0,0.000,SUSPEND
3344,AppHelperCap.exe,0,2,0.00,0,0,0.000,SUSPEND
3800,TouchpointAnalyticsClientService.exe,0,2,0.00,0,0,0.000,SUSPEND
4092,SysInfoCap.exe,0,2,0.00,0,0,0.000,SUSPEND
4100,NetworkCap.exe,0,2,0.00,0,0,0.000,SUSPEND
4252,svchost.exe,0,2,0.00,0,0,0.000,SUSPEND
4696,svchost.exe,0,2,0.00,0,0,0.000,SUSPEND
4884,svchost.exe,0,2,0.00,0,0,0.000,SUSPEND
4968,svchost.exe,0,2,0.00,0,0,0.000,SUSPEND
4976,svchost.exe,0,2,0.00,0,0,0.000,SUSPEND
5132,svchost.exe,0,2,0.00,0,0,0.000,SUSPEND
5432,svchost.exe,0,2,0.00,0,0,0.000,SUSPEND
5548,svchost.exe,0,2,0.00,0,0,0.000,SUSPEND
5700,svchost.exe,0,2,0.00,0,0,0.000,SUSPEND
5812,vpnagent.exe,0,2,0.00,0,0,0.000,SUSPEND
5820,svchost.exe,0,2,0.00,0,0,0.000,SUSPEND
5904,svchost.exe,0,2,0.00,0,0,0.000,SUSPEND
5972,svchost.exe,0,2,0.00,0,0,0.000,SUSPEND
6112,svchost.exe,0,2,0.00,0,0,0.000,SUSPEND
1668,spoolsv.exe,0,2,0.00,0,0,0.000,SUSPEND
6148,svchost.exe,0,2,0.00,0,0,0.000,SUSPEND
6256,opssvc.exe,0,2,0.00,0,0,0.000,SUSPEND
6364,svchost.exe,0,2,0.00,0,0,0.000,SUSPEND
6372,svchost.exe,0,2,0.00,0,0,0.000,SUSPEND
6424,svchost.exe,0,2,0.00,0,0,0.000,SUSPEND
6472,svchost.exe,0,2,0.00,0,0,0.000,SUSPEND
6488,svchost.exe,0,2,0.00,0,0,0.000,SUSPEND
6520,servicehost.exe,0,2,0.00,0,0,0.000,SUSPEND
6532,MpDefenderCoreService.exe,0,2,0.00,0,0,0.000,SUSPEND
6540,spsvc.exe,0,2,0.00,0,0,0.000,SUSPEND
6560,MsMpEng.exe,0,2,0.00,0,0,0.000,SUSPEND
6580,RtkAudUService64.exe,0,2,0.00,0,0,0.000,SUSPEND
6616,mc-fw-host.exe,0,2,0.00,0,0,0.000,SUSPEND
6672,sfc.exe,0,2,0.00,0,0,0.000,SUSPEND
6724,bdssvc.exe,0,2,0.00,0,0,0.000,SUSPEND
6796,wssrvc.exe,0,2,0.00,0,0,0.000,SUSPEND
6804,qhccmsvc.exe,0,2,0.00,0,0,0.000,SUSPEND
6888,pg_ctl.exe,0,2,0.00,0,0,0.000,SUSPEND
6908,DtsApo4Service.exe,0,2,0.00,0,0,0.000,SUSPEND
7036,quhlpsvc.exe,0,2,0.00,0,0,0.000,SUSPEND
7108,ETDService.exe,0,2,0.00,0,0,0.000,SUSPEND
7136,emlproxy.exe,0,2,0.00,0,0,0.000,SUSPEND
6784,HPCommRecovery.exe,0,2,0.00,0,0,0.000,SUSPEND
7172,reprsvc.exe,0,2,0.00,0,0,0.000,SUSPEND
7196,XtuService.exe,0,2,0.00,0,0,0.000,SUSPEND
7208,WMIRegistrationService.exe,0,2,0.00,0,0,0.000,SUSPEND
7224,IntelAudioService.exe,0,2,0.00,0,0,0.000,SUSPEND
7240,RtkBtManServ.exe,0,2,0.00,0,0,0.000,SUSPEND
7280,ipf_uf.exe,0,2,0.00,0,0,0.000,SUSPEND
7288,jhi_service.exe,0,2,0.00,0,0,0.000,SUSPEND
8044,tnslsnr.exe,0,2,0.00,0,0,0.000,SUSPEND
9536,mysqld.exe,0,2,0.00,0,0,0.000,SUSPEND
9860,WmiPrvSE.exe,0,2,0.00,0,0,0.000,SUSPEND
10256,unsecapp.exe,0,2,0.00,0,0,0.000,SUSPEND
10648,postgres.exe,0,2,0.00,0,0,0.000,SUSPEND
10944,conhost.exe,0,2,0.00,0,0,0.000,SUSPEND
11160,mysqld.exe,0,2,0.00,0,0,0.000,SUSPEND
11452,conhost.exe,0,2,0.00,0,0,0.000,SUSPEND
11492,postgres.exe,0,2,0.00,0,0,0.000,SUSPEND
11580,postgres.exe,0,2,0.00,0,0,0.000,SUSPEND
11648,postgres.exe,0,2,0.00,0,0,0.000,SUSPEND
11732,postgres.exe,0,2,0.00,0,0,0.000,SUSPEND
11844,postgres.exe,0,2,0.00,0,0,0.000,SUSPEND
12128,postgres.exe,0,2,0.00,0,0,0.000,SUSPEND
13136,svchost.exe,0,2,0.00,0,0,0.000,SUSPEND
12360,svchost.exe,0,2,0.00,0,0,0.000,SUSPEND
12888,svchost.exe,0,2,0.00,0,0,0.000,SUSPEND
13012,IntelGraphicsSoftware.Service.exe,0,2,0.00,0,0,0.000,SUSPEND
13236,postgres.exe,0,2,0.00,0,0,0.000,SUSPEND
11700,postgres.exe,0,2,0.00,0,0,0.000,SUSPEND
13616,postgres.exe,0,2,0.00,0,0,0.000,SUSPEND
13672,svchost.exe,0,2,0.00,0,0,0.000,SUSPEND
14052,svchost.exe,0,2,0.00,0,0,0.000,SUSPEND
14332,DiagsCap.exe,0,2,0.00,0,0,0.000,SUSPEND
14456,svchost.exe,0,2,0.00,0,0,0.000,SUSPEND
14644,svchost.exe,0,2,0.00,0,0,0.000,SUSPEND
14740,AggregatorHost.exe,0,2,0.00,0,0,0.000,SUSPEND
15204,svchost.exe,0,2,0.00,0,0,0.000,SUSPEND
14488,svchost.exe,0,2,0.00,0,0,0.000,SUSPEND
13324,NgcIso.exe,0,2,0.00,0,0,0.000,SUSPEND
16352,fcmcomm.exe,0,2,0.00,0,0,0.000,SUSPEND
8872,svchost.exe,0,2,0.00,0,0,0.000,SUSPEND
16688,PresentMonService.exe,0,2,0.00,0,0,0.000,SUSPEND
5096,conhost.exe,0,2,0.00,0,0,0.000,SUSPEND
16932,oracle.exe,0,2,0.00,0,0,0.000,SUSPEND
17432,fcmcomm.exe,0,2,0.00,0,0,0.000,SUSPEND
17648,svchost.exe,0,2,0.00,0,0,0.000,SUSPEND
17928,svchost.exe,0,2,0.00,0,0,0.000,SUSPEND
17468,fcmcomm.exe,0,2,0.00,0,0,0.000,SUSPEND
18912,fcmcomm.exe,0,2,0.00,0,0,0.000,SUSPEND
21012,SearchProtocolHost.exe,0,2,0.00,0,0,0.000,SUSPEND
8596,svchost.exe,0,2,0.00,0,0,0.000,SUSPEND
9100,SecurityHealthService.exe,0,2,0.00,0,0,0.000,SUSPEND
3892,svchost.exe,0,2,0.00,0,0,0.000,SUSPEND
8936,svchost.exe,0,2,0.00,0,0,0.000,SUSPEND
19076,svchost.exe,0,2,0.00,0,0,0.000,SUSPEND
6172,svchost.exe,0,2,0.00,0,0,0.000,SUSPEND
18512,svchost.exe,0,2,0.00,0,0,0.000,SUSPEND
9128,svchost.exe,0,2,0.00,0,0,0.000,SUSPEND
9588,scanwscsex.exe,0,2,0.00,0,0,0.000,SUSPEND
2248,svchost.exe,0,2,0.00,0,0,0.000,SUSPEND
23300,svchost.exe,0,2,0.00,0,0,0.000,SUSPEND
25112,mc-vpn.exe,0,2,0.00,0,0,0.000,SUSPEND
23112,svchost.exe,0,2,0.00,0,0,0.000,SUSPEND
27016,svchost.exe,0,2,0.00,0,0,0.000,SUSPEND
4516,svchost.exe,0,2,0.00,0,0,0.000,SUSPEND
67968,svchost.exe,0,2,0.00,0,0,0.000,SUSPEND
68636,svchost.exe,0,2,0.00,0,0,0.000,SUSPEND
75440,svchost.exe,0,2,0.00,0,0,0.000,SUSPEND
70196,OfficeClickToRun.exe,0,2,0.00,0,0,0.000,SUSPEND
82000,FileSyncHelper.exe,0,2,0.00,0,0,0.000,SUSPEND
85016,SearchIndexer.exe,0,2,0.00,0,0,0.000,SUSPEND
67252,csrss.exe,0,2,0.00,0,0,0.000,SUSPEND
89600,winlogon.exe,0,2,0.00,0,0,0.000,SUSPEND
60776,fontdrvhost.exe,0,2,0.00,0,0,0.000,SUSPEND
87264,dwm.exe,0,2,0.00,0,0,0.000,SUSPEND
82516,NVDisplay.Container.exe,0,2,0.00,0,0,0.000,SUSPEND
71772,ipf_helper.exe,0,2,0.00,12,0,0.000,SUSPEND
37948,mc-fw-host.exe,0,2,0.00,0,0,0.000,SUSPEND
87064,sihost.exe,0,2,0.00,69,0,0.000,SUSPEND
71060,svchost.exe,0,2,0.00,36,0,0.000,SUSPEND
29300,ETDCtrl.exe,0,2,0.00,18,0,0.000,SUSPEND
62216,uihost.exe,0,2,0.00,28,0,0.000,SUSPEND
70204,svchost.exe,0,2,0.00,8,0,0.000,SUSPEND
8036,svchost.exe,0,2,0.00,44,0,0.000,SUSPEND
79676,taskhostw.exe,0,2,0.00,23,0,0.000,SUSPEND
50436,explorer.exe,0,2,0.00,420,0,0.000,SUSPEND
86140,CrossDeviceResume.exe,0,2,0.00,60,0,0.000,SUSPEND
79568,svchost.exe,0,2,0.00,0,0,0.000,SUSPEND
74476,RtkAudUService64.exe,0,2,0.00,0,0,0.000,SUSPEND
84944,CrossDeviceService.exe,0,2,0.00,101,0,0.000,SUSPEND
85588,PushNotificationsLongRunningTask.exe,0,2,0.00,18,0,0.000,SUSPEND
88632,onlinent.exe,0,2,0.00,55,0,0.000,SUSPEND
87428,svchost.exe,0,2,0.00,31,0,0.000,SUSPEND
87576,SearchHost.exe,0,2,0.00,146,0,0.000,SUSPEND
89080,StartMenuExperienceHost.exe,0,2,0.00,134,0,0.000,SUSPEND
88768,RuntimeBroker.exe,0,2,0.00,14,0,0.000,SUSPEND
87616,WidgetBoard.exe,0,2,0.00,126,0,0.000,SUSPEND
87396,RuntimeBroker.exe,0,2,0.00,77,0,0.000,SUSPEND
84164,svchost.exe,0,2,0.00,31,0,0.000,SUSPEND
87792,WidgetService.exe,0,2,0.00,31,0,0.000,SUSPEND
85932,msedgewebview2.exe,0,2,0.00,133,0,0.000,SUSPEND
89348,msedgewebview2.exe,0,2,0.00,16,0,0.000,SUSPEND
86636,MicrosoftStartFeedProvider.exe,0,2,0.00,54,0,0.000,SUSPEND
86784,msedgewebview2.exe,0,2,0.00,97,0,0.000,SUSPEND
87336,msedgewebview2.exe,0,2,0.00,42,0,0.000,SUSPEND
83220,msedgewebview2.exe,0,2,0.00,20,0,0.000,SUSPEND
88140,msedgewebview2.exe,0,2,0.00,127,0,0.000,SUSPEND
77364,ctfmon.exe,0,2,0.00,0,0,0.000,SUSPEND
52368,PhoneExperienceHost.exe,0,2,0.00,194,0,0.000,SUSPEND
87604,svchost.exe,0,2,0.00,16,0,0.000,SUSPEND
82168,svchost.exe,0,2,0.00,15,0,0.000,SUSPEND
63316,chrome.exe,0,2,0.00,291,0,0.000,SUSPEND
17720,chrome.exe,0,2,0.00,14,0,0.000,SUSPEND
76004,chrome.exe,0,2,0.00,255,0,0.000,SUSPEND
88400,chrome.exe,0,2,0.00,61,0,0.000,SUSPEND
77164,chrome.exe,0,2,0.00,20,0,0.000,SUSPEND
79728,chrome.exe,0,2,0.00,94,0,0.000,SUSPEND
46896,chrome.exe,0,2,0.00,86,0,0.000,SUSPEND
75832,chrome.exe,0,2,0.00,103,0,0.000,SUSPEND
84436,SecurityHealthSystray.exe,0,2,0.00,15,0,0.000,SUSPEND
87536,RtkAudUService64.exe,0,2,0.00,21,0,0.000,SUSPEND
55828,OneDrive.exe,0,2,0.00,146,0,0.000,SUSPEND
90968,chrome.exe,0,2,0.00,497,0,0.000,SUSPEND
83772,HPSystemEventUtilityBackground.exe,0,2,0.00,58,0,0.000,SUSPEND
80692,unsecapp.exe,0,2,0.00,10,0,0.000,SUSPEND
91368,HPSystemEventUtilityHost.exe,0,2,0.00,41,0,0.000,SUSPEND
91636,HPMediaNetwork.exe,0,2,0.00,55,0,0.000,SUSPEND
52344,m365copilot_autostarter.exe,0,2,0.00,14,0,0.000,SUSPEND
77060,iptray.exe,0,2,0.00,23,0,0.000,SUSPEND
85288,chrome.exe,0,2,0.00,43,0,0.000,SUSPEND
73812,chrome.exe,0,2,0.00,22,0,0.000,SUSPEND
82884,vpnui.exe,0,2,0.00,46,0,0.000,SUSPEND
84084,DesktopExtension.exe,0,2,0.00,54,0,0.000,SUSPEND
78128,chrome.exe,0,2,0.00,472,0,0.000,SUSPEND
89308,FileCoAuth.exe,0,2,0.00,38,0,0.000,SUSPEND
85632,msedge.exe,0,2,0.00,152,0,0.000,SUSPEND
85212,msedge.exe,0,2,0.00,16,0,0.000,SUSPEND
72364,msedge.exe,0,2,0.00,40,0,0.000,SUSPEND
80136,msedge.exe,0,2,0.00,42,0,0.000,SUSPEND
74768,msedge.exe,0,2,0.00,20,0,0.000,SUSPEND
91248,msedge.exe,0,2,0.00,74,0,0.000,SUSPEND
90476,msedge.exe,0,2,0.00,29,0,0.000,SUSPEND
69968,mc-neo-host.exe,0,2,0.00,0,0,0.000,SUSPEND
32740,OneDrive.Sync.Service.exe,0,2,0.00,54,0,0.000,SUSPEND
67916,AppActions.exe,0,2,0.00,41,0,0.000,SUSPEND
91832,ShellHost.exe,0,2,0.00,50,0,0.000,SUSPEND
88156,arwsrvc.exe,0,2,0.00,0,0,0.000,SUSPEND
22760,sapissvc.exe,0,2,0.00,0,0,0.000,SUSPEND
90484,qhpisvr.exe,0,2,0.00,0,0,0.000,SUSPEND
90416,conhost.exe,0,2,0.00,0,0,0.000,SUSPEND
92772,mscopilot.exe,0,2,0.00,108,0,0.000,SUSPEND
92576,mscopilot.exe,0,2,0.00,12,0,0.000,SUSPEND
94184,mscopilot.exe,0,2,0.00,37,0,0.000,SUSPEND
92388,mscopilot.exe,0,2,0.00,37,0,0.000,SUSPEND
81656,mscopilot.exe,0,2,0.00,19,0,0.000,SUSPEND
83264,Code.exe,0,2,0.00,181,0,0.000,SUSPEND
87708,Code.exe,0,2,0.00,87,0,0.000,SUSPEND
83516,Code.exe,0,2,0.00,264,0,0.000,SUSPEND
86560,Code.exe,0,2,0.00,95,0,0.000,SUSPEND
72560,Code.exe,0,2,0.00,366,0,0.000,SUSPEND
90344,Code.exe,0,2,0.00,104,0,0.000,SUSPEND
92400,Code.exe,0,2,0.00,109,0,0.000,SUSPEND
92940,Code.exe,0,2,0.00,107,0,0.000,SUSPEND
80880,Code.exe,0,2,0.00,106,0,0.000,SUSPEND
87812,Code.exe,0,2,0.00,148,0,0.000,SUSPEND
72208,Code.exe,0,2,0.00,120,0,0.000,SUSPEND
81120,OpenConsole.exe,0,2,0.00,11,0,0.000,SUSPEND
20168,powershell.exe,0,2,0.00,58,0,0.000,SUSPEND
75176,cpptools.exe,0,2,0.00,40,0,0.000,SUSPEND
81844,conhost.exe,0,2,0.00,7,0,0.000,SUSPEND
92848,cpptools.exe,0,2,0.00,4,0,0.000,SUSPEND
85144,cpptools-srv2.exe,0,2,0.00,21,0,0.000,SUSPEND
92660,conhost.exe,0,2,0.00,7,0,0.000,SUSPEND
4472,cpptools-srv2.exe,0,2,0.00,20,0,0.000,SUSPEND
89848,conhost.exe,0,2,0.00,7,0,0.000,SUSPEND
91776,OpenConsole.exe,0,2,0.00,11,0,0.000,SUSPEND
48396,powershell.exe,0,2,0.00,65,0,0.000,SUSPEND
94812,backgroundTaskHost.exe,0,2,0.00,61,0,0.000,SUSPEND
94904,RuntimeBroker.exe,0,2,0.00,30,0,0.000,SUSPEND
95184,SystemPropertiesAdvanced.exe,0,2,0.00,0,0,0.000,SUSPEND
94308,chrome.exe,0,2,0.00,121,0,0.000,SUSPEND
71592,mintty.exe,0,2,0.00,25,0,0.000,SUSPEND
69720,conhost.exe,0,2,0.00,10,0,0.000,SUSPEND
90744,bash.exe,0,2,0.00,11,0,0.000,SUSPEND
73516,cpptools-srv.exe,0,2,0.00,47,0,0.000,SUSPEND
92832,conhost.exe,0,2,0.00,8,0,0.000,SUSPEND
94896,OpenConsole.exe,0,2,0.00,12,0,0.000,SUSPEND
68872,powershell.exe,0,2,0.00,95,0,0.000,SUSPEND
94688,svchost.exe,0,2,0.00,0,0,0.000,SUSPEND
4868,cpptools-srv.exe,0,2,0.00,21,0,0.000,SUSPEND
40700,conhost.exe,0,2,0.00,8,0,0.000,SUSPEND
98292,cpptools-srv.exe,0,2,0.00,47,0,0.000,SUSPEND
97956,conhost.exe,0,2,0.00,8,0,0.000,SUSPEND
56932,svchost.exe,0,2,0.00,0,0,0.000,SUSPEND
84856,Notepad.exe,0,2,0.00,203,0,0.000,SUSPEND
96124,chrome.exe,0,2,0.00,96,0,0.000,SUSPEND
94540,chrome.exe,0,2,0.00,72,0,0.000,SUSPEND
87344,chrome.exe,0,2,0.00,74,0,0.000,SUSPEND
94536,bash.exe,0,2,0.00,9,0,0.000,SUSPEND
97024,conhost.exe,0,2,0.00,8,0,0.000,SUSPEND
98160,predictive_framework.exe,0,2,0.00,12,0,0.000,SUSPEND
75300,chrome.exe,0,2,0.00,34,0,0.000,SUSPEND
84692,svchost.exe,0,2,0.00,0,0,0.000,SUSPEND
94124,Notepad.exe,1,0,0.00,18,64,0.500,KEEP
